Sample ID,Hâ‚‚,CHâ‚„,Câ‚‚Hâ‚†,Câ‚‚Hâ‚„,Câ‚‚Hâ‚‚,CO,COâ‚‚,State,State Name
1,20.83,9.95,7.72,23.4,0.98,257.74,2582.41,0,Very Good
2,12.46,9.79,4.2,18.16,0.79,261.15,2624.97,0,Very Good
3,15.24,7.82,7.23,20.12,0.51,245.92,3338.77,0,Very Good
4,27.79,9.17,6.84,18.78,1.45,155.81,2292.51,0,Very Good
5,15.0,7.28,9.32,27.52,0.66,301.23,3189.36,0,Very Good
6,18.29,12.17,8.33,24.9,0.89,394.59,3007.82,0,Very Good
7,18.03,6.12,6.63,24.4,1.0,283.52,2316.26,0,Very Good
8,21.15,11.85,7.86,32.04,1.01,247.39,2790.38,0,Very Good
9,17.79,9.9,5.32,10.19,0.4,178.22,2113.76,0,Very Good
10,17.84,6.46,6.77,20.58,1.21,227.78,2385.77,0,Very Good
11,17.8,9.53,6.11,30.72,0.67,404.26,3205.18,0,Very Good
12,21.33,11.81,6.85,32.3,0.91,276.32,1859.74,0,Very Good
13,16.93,8.69,6.37,24.81,0.93,244.96,2637.12,0,Very Good
14,32.94,13.29,8.51,26.46,0.98,225.32,2345.81,0,Very Good
15,13.57,12.37,7.77,34.65,1.18,157.03,2092.5,0,Very Good
16,14.63,9.6,7.07,19.18,0.52,205.94,1699.89,0,Very Good
17,26.08,12.73,14.32,28.02,1.08,267.11,1875.92,0,Very Good
18,11.4,8.37,4.32,7.45,0.51,210.49,1842.88,0,Very Good
19,20.59,17.38,11.52,17.57,0.98,245.84,3831.94,0,Very Good
20,12.55,12.25,4.89,34.37,1.31,344.93,3032.63,0,Very Good
21,15.95,8.54,7.81,23.94,1.56,197.74,2175.85,0,Very Good
22,27.26,17.56,7.82,33.63,1.43,334.56,3137.45,0,Very Good
23,13.92,11.63,7.57,23.93,1.35,213.5,2059.61,0,Very Good
24,17.55,7.59,10.38,32.05,0.92,199.92,2424.8,0,Very Good
25,22.73,9.13,8.28,22.5,1.15,205.83,1998.45,0,Very Good
26,14.83,8.34,7.7,25.83,0.82,238.76,2817.82,0,Very Good
27,20.63,15.85,14.97,24.8,1.19,235.79,2119.2,0,Very Good
28,15.0,10.62,6.05,24.71,0.71,131.62,1382.93,0,Very Good
29,14.25,5.61,3.5,14.18,0.88,223.73,2467.27,0,Very Good
30,32.03,11.47,10.59,34.07,1.1,316.46,2243.38,0,Very Good
31,20.5,13.48,9.67,27.39,1.22,309.95,2055.62,0,Very Good
32,19.78,6.71,7.36,26.3,1.26,328.87,2314.44,0,Very Good
33,18.29,9.77,4.93,34.29,1.17,253.75,1486.79,0,Very Good
34,27.57,8.41,9.21,32.06,0.5,304.25,2760.32,0,Very Good
35,20.38,6.34,4.92,18.8,1.06,253.01,2808.16,0,Very Good
36,18.54,7.33,7.24,15.9,0.58,219.31,2036.06,0,Very Good
37,26.56,12.23,10.36,25.99,0.84,250.28,3518.37,0,Very Good
38,15.62,7.88,6.02,15.11,0.83,149.74,2786.26,0,Very Good
39,34.72,11.5,9.37,40.2,1.4,291.58,2778.65,0,Very Good
40,18.58,14.04,10.45,24.06,1.05,336.87,3650.46,0,Very Good
41,19.28,11.68,7.89,40.65,0.94,489.75,3261.73,0,Very Good
42,19.89,12.81,7.97,31.57,0.83,204.31,2531.49,0,Very Good
43,21.61,10.1,6.55,23.56,1.48,248.77,1957.73,0,Very Good
44,10.77,5.41,3.6,13.69,0.76,357.72,2307.6,0,Very Good
45,19.94,8.55,6.31,12.86,0.89,144.1,2264.64,0,Very Good
46,14.04,10.01,10.54,15.49,1.0,176.59,1825.81,0,Very Good
47,9.86,15.74,5.21,37.67,1.34,372.75,2332.77,0,Very Good
48,25.87,8.02,11.2,29.77,0.82,258.76,3270.13,0,Very Good
49,14.97,9.96,6.17,25.35,1.26,298.93,2911.75,0,Very Good
50,22.35,9.86,4.81,20.06,1.04,183.88,2428.1,0,Very Good
51,29.0,12.51,7.18,19.91,0.97,220.59,1953.62,0,Very Good
52,20.25,16.26,8.46,34.39,1.37,187.15,2214.88,0,Very Good
53,16.97,7.53,6.23,22.2,0.91,142.05,1863.25,0,Very Good
54,23.12,7.68,5.53,12.91,1.21,234.98,2015.97,0,Very Good
55,26.91,12.63,9.51,17.41,1.06,241.07,1872.13,0,Very Good
56,20.41,11.16,11.33,27.99,0.9,282.35,1865.73,0,Very Good
57,19.89,11.46,3.39,13.93,0.85,245.31,2672.26,0,Very Good
58,8.55,16.14,7.3,23.46,0.9,195.69,3376.69,0,Very Good
59,15.92,8.79,4.89,13.01,0.89,233.1,2706.57,0,Very Good
60,9.85,11.07,9.78,21.58,0.22,143.22,1735.52,0,Very Good
61,16.98,11.03,4.96,22.2,1.03,216.76,3137.04,0,Very Good
62,17.14,7.47,6.74,24.66,0.56,316.96,2389.06,0,Very Good
63,15.48,9.3,9.16,46.88,1.24,163.74,2435.01,0,Very Good
64,16.43,9.99,4.81,18.49,0.63,175.57,1946.4,0,Very Good
65,22.32,9.09,4.71,24.45,1.93,186.41,1732.33,0,Very Good
66,17.47,11.68,7.32,30.11,1.33,191.14,1279.1,0,Very Good
67,28.84,8.07,4.99,20.99,0.96,211.3,1689.92,0,Very Good
68,28.77,11.42,8.09,32.66,1.09,296.29,1105.01,0,Very Good
69,8.46,3.75,3.6,17.11,1.04,235.08,1746.03,0,Very Good
70,23.63,7.33,4.45,34.71,1.05,183.03,1998.85,0,Very Good
71,7.76,10.54,6.79,24.76,1.45,249.53,3342.2,0,Very Good
72,20.62,14.6,8.71,38.44,0.77,315.47,2948.82,0,Very Good
73,22.4,11.58,7.76,30.51,1.33,330.09,3385.53,0,Very Good
74,11.72,5.41,4.36,18.81,0.6,215.21,2738.93,0,Very Good
75,24.91,14.81,8.19,37.38,1.25,191.36,2130.56,0,Very Good
76,15.03,8.06,6.36,14.36,0.59,325.1,1950.03,0,Very Good
77,12.04,8.28,7.11,24.36,0.99,131.16,1837.03,0,Very Good
78,25.74,11.45,7.34,24.98,1.72,202.27,2087.85,0,Very Good
79,16.84,5.62,4.48,10.85,0.44,212.09,2333.6,0,Very Good
80,20.06,8.07,6.46,14.76,0.99,196.52,2040.44,0,Very Good
81,25.36,13.91,12.73,54.23,1.33,185.91,2706.29,0,Very Good
82,20.03,11.56,4.36,28.38,1.55,346.81,3367.71,0,Very Good
83,12.84,9.32,4.96,21.98,0.75,241.93,3530.19,0,Very Good
84,15.61,7.51,5.58,18.53,0.7,207.85,1987.37,0,Very Good
85,17.07,12.93,9.07,26.19,1.12,123.11,1404.05,0,Very Good
86,17.13,11.28,5.72,15.77,1.09,362.62,2455.57,0,Very Good
87,31.79,10.48,9.43,29.19,0.87,313.49,2080.53,0,Very Good
88,21.16,7.68,5.28,35.88,1.25,223.47,2313.76,0,Very Good
89,16.33,11.95,7.17,26.91,0.85,207.7,1494.55,0,Very Good
90,17.25,8.56,6.52,21.62,1.37,192.89,1458.68,0,Very Good
91,27.61,6.68,4.63,16.82,0.71,181.16,1384.37,0,Very Good
92,15.07,10.24,7.54,32.43,0.94,236.43,2928.09,0,Very Good
93,28.15,14.01,8.28,38.21,1.55,264.73,1775.26,0,Very Good
94,14.9,9.93,6.24,28.5,0.82,261.84,2929.89,0,Very Good
95,18.74,9.44,6.23,15.54,1.21,103.66,1059.17,0,Very Good
96,28.55,11.68,9.61,31.17,1.61,283.1,2269.65,0,Very Good
97,27.88,9.88,7.99,25.14,1.12,290.78,2677.91,0,Very Good
98,26.7,8.61,7.43,22.83,1.02,383.89,3196.21,0,Very Good
99,16.19,8.23,6.19,18.16,0.78,220.85,2610.23,0,Very Good
100,14.79,10.71,8.62,29.43,0.92,206.01,2089.76,0,Very Good
101,37.34,14.87,13.49,45.34,1.55,352.24,3077.58,0,Very Good
102,19.19,10.1,7.53,24.51,0.6,100.0,1543.4,0,Very Good
103,14.04,5.48,3.15,16.34,0.63,201.35,2450.15,0,Very Good
104,23.51,12.84,8.3,27.27,1.29,200.3,2031.61,0,Very Good
105,12.2,8.54,9.54,27.82,0.86,225.29,2618.02,0,Very Good
106,17.76,7.06,5.57,21.47,0.93,174.0,1885.05,0,Very Good
107,25.09,13.65,10.17,26.23,1.57,332.83,3350.83,0,Very Good
108,23.47,15.49,10.45,49.37,1.12,339.55,2843.09,0,Very Good
109,18.71,8.05,5.84,37.59,1.09,207.44,630.65,0,Very Good
110,19.93,10.58,7.6,44.95,1.06,283.42,1576.82,0,Very Good
111,14.65,10.47,7.71,41.67,0.7,233.17,3405.61,0,Very Good
112,13.32,11.76,9.72,22.96,1.01,195.63,1688.07,0,Very Good
113,23.08,8.08,5.91,17.05,1.11,172.83,1748.18,0,Very Good
114,19.99,10.63,4.9,33.85,0.83,285.5,2337.87,0,Very Good
115,19.49,7.02,7.8,23.38,1.1,250.39,1770.71,0,Very Good
116,18.06,11.84,6.56,28.12,0.68,171.83,2466.43,0,Very Good
117,22.47,8.95,4.74,8.93,0.65,192.86,2714.62,0,Very Good
118,19.54,10.7,7.52,15.42,0.56,242.22,2114.0,0,Very Good
119,24.45,14.75,6.77,29.21,0.81,232.1,2302.04,0,Very Good
120,27.84,9.08,8.38,39.82,0.77,270.89,2483.65,0,Very Good
121,16.1,12.9,7.73,24.96,1.12,227.79,1944.54,0,Very Good
122,16.69,3.62,0.65,21.62,0.79,225.17,2390.18,0,Very Good
123,4.9,2.75,4.46,13.98,0.92,333.52,2311.94,0,Very Good
124,25.47,14.76,10.61,30.05,1.4,231.65,3168.29,0,Very Good
125,21.5,4.37,3.14,14.12,0.79,215.19,2027.26,0,Very Good
126,24.31,8.11,10.24,29.13,1.1,330.68,3089.74,0,Very Good
127,17.3,8.4,7.17,31.24,0.73,163.1,1944.47,0,Very Good
128,25.57,8.08,6.46,34.78,1.34,319.91,3081.99,0,Very Good
129,23.37,13.95,10.35,33.49,1.34,352.45,1506.11,0,Very Good
130,23.08,11.64,8.48,24.61,1.29,128.01,2499.05,0,Very Good
131,19.28,7.73,4.83,24.13,1.09,190.67,1388.78,0,Very Good
132,11.14,5.31,2.78,14.34,0.74,203.77,2606.9,0,Very Good
133,28.72,8.44,7.29,25.75,1.11,228.58,2676.54,0,Very Good
134,23.72,13.99,6.69,20.11,0.72,315.74,3472.24,0,Very Good
135,18.56,4.39,4.58,25.58,1.17,110.82,2076.01,0,Very Good
136,17.99,9.07,6.55,16.25,1.41,341.58,1794.47,0,Very Good
137,25.23,14.81,11.14,33.16,1.17,398.18,3765.7,0,Very Good
138,18.28,11.01,5.66,17.15,1.17,261.69,1584.08,0,Very Good
139,15.12,9.21,6.65,31.79,0.78,146.94,2137.62,0,Very Good
140,11.43,4.34,2.84,15.58,0.98,386.64,2063.81,0,Very Good
141,18.52,7.33,6.05,28.22,0.68,438.96,3502.8,0,Very Good
142,14.42,7.92,5.54,29.17,1.19,191.03,1461.56,0,Very Good
143,20.56,5.55,4.11,25.94,1.4,115.83,1976.81,0,Very Good
144,8.01,7.02,9.53,22.65,0.86,109.76,1696.61,0,Very Good
145,19.2,6.06,4.8,25.61,0.93,321.89,1903.47,0,Very Good
146,29.96,11.57,6.7,38.53,0.76,188.48,1851.98,0,Very Good
147,22.47,12.48,6.41,26.26,0.78,200.41,1896.59,0,Very Good
148,26.98,12.98,5.15,30.03,1.58,296.84,2882.14,0,Very Good
149,23.39,9.98,6.15,21.24,0.61,293.91,2561.22,0,Very Good
150,16.29,7.2,5.8,24.28,0.76,265.95,2779.59,0,Very Good
151,37.45,14.3,8.31,32.73,1.34,204.43,1828.37,0,Very Good
152,10.08,8.39,1.86,24.79,0.71,382.5,3337.97,0,Very Good
153,24.5,11.22,8.03,37.88,0.87,174.98,1122.29,0,Very Good
154,18.02,12.71,10.41,20.22,0.97,316.36,1726.76,0,Very Good
155,9.68,7.42,5.59,26.77,0.81,335.68,3674.43,0,Very Good
156,13.49,11.61,7.83,28.05,0.84,293.85,2200.86,0,Very Good
157,7.47,7.06,4.77,19.81,0.77,85.85,1768.03,0,Very Good
158,25.47,13.65,9.19,26.46,1.48,239.34,2829.19,0,Very Good
159,20.81,11.06,7.76,28.76,1.06,162.46,2670.02,0,Very Good
160,18.22,7.53,6.09,17.95,0.92,199.2,2474.64,0,Very Good
161,16.45,11.16,6.93,32.05,0.91,351.7,3950.33,0,Very Good
162,12.11,3.96,3.13,12.85,0.86,207.48,1283.21,0,Very Good
163,16.44,7.55,4.7,18.92,0.75,305.6,3506.04,0,Very Good
164,29.65,10.87,5.73,18.57,0.77,239.06,2041.54,0,Very Good
165,23.97,15.65,7.91,21.5,1.25,247.98,2358.69,0,Very Good
166,12.92,9.01,4.71,15.9,0.75,196.84,3117.92,0,Very Good
167,25.33,7.06,3.76,22.45,0.54,205.68,3477.97,0,Very Good
168,11.99,12.54,7.69,24.64,0.96,193.91,2262.97,0,Very Good
169,24.84,7.05,9.22,23.34,1.34,217.58,2002.82,0,Very Good
170,19.5,10.96,5.76,36.24,1.73,152.71,1115.16,0,Very Good
171,27.08,12.87,11.53,25.19,1.11,235.01,2362.41,0,Very Good
172,18.26,8.07,7.13,21.16,1.07,240.68,2717.98,0,Very Good
173,17.71,9.22,6.43,20.71,0.77,132.09,1369.1,0,Very Good
174,16.19,11.26,11.46,27.52,0.72,247.28,2422.99,0,Very Good
175,20.87,10.21,10.71,18.32,0.56,170.41,1713.51,0,Very Good
176,22.13,11.52,9.7,20.34,0.83,349.88,2822.62,0,Very Good
177,27.04,6.49,4.2,14.12,1.07,357.84,3037.28,0,Very Good
178,14.58,8.92,6.75,24.91,0.59,313.82,1974.28,0,Very Good
179,16.76,11.28,3.93,18.34,0.88,286.69,1935.16,0,Very Good
180,22.96,11.72,4.37,31.37,1.01,178.71,2498.32,0,Very Good
181,25.56,11.41,7.06,38.5,0.78,274.94,2432.56,0,Very Good
182,28.47,9.3,7.19,35.89,1.1,248.36,3095.57,0,Very Good
183,17.06,10.11,8.93,21.91,0.58,142.57,1836.88,0,Very Good
184,28.04,10.83,7.73,15.1,1.66,333.47,3125.11,0,Very Good
185,18.04,8.71,8.87,31.42,0.67,155.28,2475.33,0,Very Good
186,15.22,17.53,9.08,39.26,0.88,337.91,3363.34,0,Very Good
187,20.92,17.63,14.98,36.01,0.81,326.85,4466.02,0,Very Good
188,25.23,15.48,8.8,26.54,0.61,260.9,2929.4,0,Very Good
189,23.3,9.38,2.99,15.01,1.13,219.35,1804.12,0,Very Good
190,18.33,7.99,10.26,20.44,0.59,147.74,1547.87,0,Very Good
191,21.9,9.29,4.06,31.92,1.42,277.35,2525.59,0,Very Good
192,17.49,16.25,11.03,23.68,0.92,206.66,2006.43,0,Very Good
193,17.82,10.14,7.82,25.36,1.05,239.1,2904.18,0,Very Good
194,20.56,12.87,8.22,32.46,1.08,213.09,3171.47,0,Very Good
195,13.95,8.88,5.63,16.9,0.66,284.9,2918.21,0,Very Good
196,5.02,9.23,4.17,17.16,0.78,160.64,1773.95,0,Very Good
197,25.54,16.23,7.42,42.4,1.05,272.92,3081.1,0,Very Good
198,18.52,8.03,8.31,28.23,1.04,369.26,3228.45,0,Very Good
199,27.82,12.65,6.07,28.36,1.08,243.24,2486.86,0,Very Good
200,14.4,8.51,6.02,24.36,0.67,228.55,2349.38,0,Very Good
201,33.62,23.99,12.56,48.05,1.84,439.16,3985.72,1,Good
202,60.47,15.95,12.16,81.4,2.97,613.56,5667.86,1,Good
203,34.09,15.94,14.23,35.56,1.33,490.01,4531.76,1,Good
204,38.66,25.84,9.99,57.07,0.67,407.75,4893.57,1,Good
205,47.98,11.3,10.91,48.72,2.53,407.37,4398.28,1,Good
206,37.51,25.21,11.96,61.02,2.1,377.03,4361.37,1,Good
207,37.86,22.35,13.33,37.57,1.72,367.19,4821.21,1,Good
208,25.78,7.29,4.01,35.26,1.15,560.91,6205.54,1,Good
209,36.67,11.71,3.84,32.3,2.16,456.13,6246.62,1,Good
210,42.0,15.46,11.13,39.77,1.62,510.25,3819.35,1,Good
211,55.56,13.77,12.97,29.42,2.1,476.03,5340.21,1,Good
212,48.03,25.57,16.14,57.63,1.91,459.81,4692.91,1,Good
213,45.89,23.1,18.83,54.74,1.12,617.77,5228.2,1,Good
214,17.97,16.97,17.65,58.98,2.52,636.13,6393.66,1,Good
215,26.58,19.04,22.13,51.1,2.35,509.27,5113.4,1,Good
216,14.59,24.42,17.45,25.63,0.0,461.74,5465.91,1,Good
217,40.34,31.25,22.63,55.39,2.29,523.27,4104.11,1,Good
218,42.24,19.9,17.71,76.35,2.34,378.88,4329.69,1,Good
219,14.82,20.5,12.88,50.02,1.62,466.13,3823.23,1,Good
220,48.72,16.39,21.44,74.1,1.79,585.42,4716.1,1,Good
221,43.29,23.11,15.79,63.76,1.91,612.59,5949.54,1,Good
222,32.88,25.38,15.25,51.86,1.0,553.51,5368.46,1,Good
223,58.43,15.86,8.36,51.64,2.11,491.34,5348.82,1,Good
224,43.29,14.37,11.29,60.89,2.55,486.32,5160.8,1,Good
225,17.46,20.61,8.65,63.85,0.96,605.14,5427.37,1,Good
226,39.29,17.95,21.48,32.4,1.48,495.68,2924.38,1,Good
227,23.76,20.98,17.58,60.07,1.84,583.53,3945.02,1,Good
228,50.69,13.15,16.43,25.19,2.52,535.49,4479.39,1,Good
229,40.89,36.4,22.52,48.2,1.21,598.79,5040.27,1,Good
230,22.95,12.38,8.68,50.74,2.1,585.72,4731.92,1,Good
231,37.99,10.43,12.81,48.07,2.83,465.7,4301.71,1,Good
232,26.38,19.18,20.14,55.72,2.33,510.63,5673.02,1,Good
233,38.34,20.78,20.99,35.86,2.34,478.25,6152.57,1,Good
234,49.04,36.52,20.57,87.52,2.78,629.62,6689.14,1,Good
235,43.51,25.95,18.41,44.53,1.9,512.73,5697.46,1,Good
236,13.43,17.17,19.71,40.72,1.2,500.65,4476.7,1,Good
237,42.56,19.03,17.11,41.64,2.45,627.16,5858.8,1,Good
238,37.77,23.24,17.59,51.87,2.66,520.18,4214.56,1,Good
239,25.28,28.11,16.05,52.75,2.78,669.19,4390.05,1,Good
240,18.21,12.46,11.56,47.93,2.33,362.81,4352.22,1,Good
241,31.8,9.13,16.91,57.57,3.25,490.29,4894.16,1,Good
242,38.31,12.63,11.76,59.83,2.41,378.26,5331.82,1,Good
243,50.16,21.57,11.63,58.15,1.91,518.65,7273.37,1,Good
244,38.77,17.13,16.84,55.25,3.37,608.62,4592.84,1,Good
245,76.62,17.72,12.53,39.61,3.59,470.4,5922.58,1,Good
246,62.12,30.98,20.95,70.98,2.14,478.97,3927.41,1,Good
247,42.15,20.56,17.4,49.21,2.19,410.06,5713.18,1,Good
248,38.72,8.07,4.69,30.81,2.49,632.85,5557.28,1,Good
249,52.35,22.8,16.05,50.09,1.79,662.62,5058.5,1,Good
250,45.92,17.62,12.56,65.19,1.48,312.4,4615.63,1,Good
251,61.35,19.48,9.2,64.93,2.82,626.51,4478.3,1,Good
252,25.76,10.51,10.94,32.77,2.27,493.28,4469.74,1,Good
253,65.74,26.94,16.44,53.84,2.34,544.96,5123.83,1,Good
254,30.35,22.75,8.33,30.97,1.78,443.76,6040.73,1,Good
255,47.58,29.47,12.15,69.24,1.36,629.0,4718.28,1,Good
256,28.4,23.57,20.26,42.55,1.2,592.8,4796.18,1,Good
257,48.37,21.07,13.86,58.47,2.29,509.15,4408.37,1,Good
258,28.57,33.57,27.27,46.05,1.3,610.87,5943.37,1,Good
259,22.02,8.74,8.22,31.74,1.53,533.81,4762.57,1,Good
260,36.01,15.53,11.3,41.7,3.17,413.13,2877.02,1,Good
261,63.91,23.85,8.93,50.47,2.18,487.94,5324.61,1,Good
262,33.1,9.71,7.25,48.46,0.84,365.23,3940.54,1,Good
263,27.04,23.07,18.26,45.12,1.86,551.68,3078.49,1,Good
264,20.81,9.39,12.19,46.29,1.4,503.45,5396.0,1,Good
265,24.56,19.44,10.82,36.53,1.22,473.07,2970.18,1,Good
266,19.0,10.0,5.2,15.89,0.51,605.18,4849.88,1,Good
267,52.52,28.12,15.42,51.6,2.08,533.04,3239.78,1,Good
268,21.43,15.85,21.54,48.18,1.46,508.83,5370.09,1,Good
269,43.26,12.21,12.1,57.01,1.11,446.3,3590.38,1,Good
270,53.19,19.96,15.41,47.64,2.27,514.43,4262.34,1,Good
271,60.25,34.71,14.77,42.38,2.46,538.2,4949.44,1,Good
272,49.81,15.81,12.09,53.34,1.86,454.89,7518.94,1,Good
273,25.18,15.09,15.9,36.86,1.73,497.16,2522.49,1,Good
274,17.17,13.76,10.96,27.32,1.07,422.88,5849.27,1,Good
275,15.82,11.45,7.69,52.08,2.2,362.95,4911.21,1,Good
276,29.77,16.16,12.55,41.76,1.72,397.08,3925.87,1,Good
277,35.49,2.32,9.12,31.18,1.54,414.65,6245.19,1,Good
278,69.48,30.31,22.51,53.03,3.34,506.94,5664.59,1,Good
279,22.76,22.71,13.23,65.3,1.93,446.16,4272.6,1,Good
280,39.16,24.8,15.98,33.5,1.93,541.36,4603.73,1,Good
281,34.66,22.62,21.09,62.91,1.81,484.82,5942.49,1,Good
282,47.71,16.54,10.06,41.03,2.74,630.8,4968.9,1,Good
283,34.68,10.39,13.6,35.96,3.06,519.79,3071.04,1,Good
284,59.09,23.7,14.71,75.35,2.82,577.06,5444.55,1,Good
285,54.2,26.4,15.63,70.44,4.79,396.84,4130.32,1,Good
286,45.39,28.72,24.12,48.6,2.81,439.43,5003.8,1,Good
287,41.16,23.14,10.88,50.84,2.29,628.64,5340.75,1,Good
288,26.36,18.16,15.75,38.14,1.48,549.18,4789.99,1,Good
289,30.16,20.56,15.29,41.76,2.64,400.84,4701.33,1,Good
290,65.39,24.24,28.08,40.31,3.15,466.16,5451.15,1,Good
291,51.92,22.24,8.33,55.92,0.58,623.04,4647.02,1,Good
292,61.47,24.56,11.28,57.28,3.38,556.91,4338.59,1,Good
293,39.92,21.57,18.85,41.31,1.42,435.11,4310.55,1,Good
294,44.56,26.56,19.47,45.31,2.94,462.45,3667.29,1,Good
295,26.53,14.52,18.91,48.19,2.21,426.38,5091.87,1,Good
296,39.14,24.45,23.32,67.21,1.77,393.1,4318.28,1,Good
297,30.05,13.26,10.54,82.02,3.86,480.11,4141.94,1,Good
298,28.21,23.06,14.64,36.63,1.3,506.41,6481.42,1,Good
299,25.16,9.01,12.44,55.16,1.12,490.41,3892.62,1,Good
300,41.37,10.28,9.18,65.3,1.52,659.09,5206.63,1,Good
301,25.69,19.44,19.25,79.63,1.66,462.36,4195.64,1,Good
302,9.34,8.2,0.56,14.73,1.91,559.57,6125.68,1,Good
303,50.22,23.4,21.46,36.85,1.29,544.27,3536.2,1,Good
304,55.5,38.11,20.25,56.93,3.68,490.6,5128.42,1,Good
305,37.67,15.02,18.31,47.32,1.28,358.47,4292.43,1,Good
306,32.87,8.94,14.99,30.91,1.81,561.02,7002.04,1,Good
307,12.21,7.29,10.29,18.77,0.89,432.61,4158.92,1,Good
308,36.01,12.8,17.76,26.18,1.44,398.21,5840.94,1,Good
309,55.9,21.41,16.14,52.55,3.33,510.96,5418.83,1,Good
310,30.96,35.76,36.4,84.66,2.64,419.25,5310.13,1,Good
311,51.95,30.95,18.61,65.71,2.89,473.86,4695.38,1,Good
312,35.54,17.48,9.25,52.82,0.83,418.34,4749.56,1,Good
313,18.53,8.47,9.23,19.18,0.96,521.66,5528.34,1,Good
314,21.64,7.63,7.58,20.74,1.42,566.36,5165.21,1,Good
315,46.16,19.83,19.73,56.47,1.5,530.89,4878.97,1,Good
316,39.4,29.29,16.11,63.27,1.68,488.1,4859.11,1,Good
317,25.99,14.27,13.12,30.2,0.92,608.31,4420.0,1,Good
318,51.76,26.0,12.83,67.07,2.0,528.83,7059.09,1,Good
319,54.2,18.79,21.03,54.48,2.52,500.82,4083.8,1,Good
320,27.77,13.39,16.18,46.94,1.46,498.04,4298.24,1,Good
321,17.35,28.5,10.64,50.58,2.05,455.87,3542.13,1,Good
322,52.86,26.65,17.39,53.02,0.97,560.55,4272.49,1,Good
323,54.43,22.89,19.32,49.31,3.21,401.23,4899.98,1,Good
324,45.3,31.01,19.13,55.39,1.99,562.59,5409.42,1,Good
325,45.02,29.49,24.46,46.47,1.22,537.28,5465.43,1,Good
326,35.49,34.17,26.13,90.67,1.87,374.83,4441.97,1,Good
327,28.01,25.13,20.98,60.59,1.62,470.98,3863.47,1,Good
328,62.28,22.6,11.21,46.32,1.36,563.51,4910.83,1,Good
329,45.21,18.28,14.4,64.59,2.31,533.92,5478.66,1,Good
330,38.32,33.22,21.19,48.93,0.56,457.92,5588.34,1,Good
331,29.83,13.93,14.36,33.6,1.38,512.45,3681.68,1,Good
332,46.33,18.24,13.08,42.34,2.7,457.63,4875.15,1,Good
333,25.67,29.46,14.97,53.25,1.26,481.53,4467.53,1,Good
334,65.09,28.18,24.96,55.87,2.79,561.9,4311.49,1,Good
335,34.49,22.76,12.05,45.08,2.12,429.16,5741.65,1,Good
336,67.06,32.12,21.68,75.11,1.4,497.73,4422.42,1,Good
337,28.03,12.9,12.38,32.84,1.32,508.87,5555.42,1,Good
338,32.47,16.09,18.72,53.05,3.02,443.49,5139.69,1,Good
339,22.97,16.51,13.94,47.62,2.14,552.09,7005.8,1,Good
340,47.2,24.82,8.46,56.59,2.22,519.18,3825.58,1,Good
341,48.75,24.73,13.56,52.72,2.32,472.1,5762.96,1,Good
342,67.03,37.18,19.94,57.63,2.22,501.18,6027.38,1,Good
343,32.53,21.43,16.34,65.62,0.98,444.64,4226.21,1,Good
344,62.11,15.77,13.84,55.62,2.67,509.5,5146.0,1,Good
345,47.71,34.78,19.76,72.03,1.69,484.64,4792.98,1,Good
346,33.98,9.47,13.77,38.53,1.67,521.59,5542.23,1,Good
347,28.47,14.73,12.52,69.45,1.63,401.47,3817.89,1,Good
348,44.43,21.24,13.03,47.27,1.12,626.32,6224.47,1,Good
349,22.79,14.71,13.0,36.17,2.92,515.73,4901.21,1,Good
350,56.26,25.27,32.5,60.86,0.44,488.48,5692.71,1,Good
351,61.83,36.61,28.06,72.67,1.18,528.27,5912.35,1,Good
352,45.82,15.24,18.2,53.16,1.07,503.95,5451.43,1,Good
353,50.66,27.68,13.32,58.16,3.46,529.47,4292.79,1,Good
354,67.93,30.4,18.18,68.54,1.74,541.16,4967.48,1,Good
355,50.88,25.37,9.85,57.07,2.14,618.97,4355.71,1,Good
356,23.89,18.81,11.67,20.49,1.07,436.0,4497.38,1,Good
357,49.16,15.44,11.19,53.24,1.84,473.24,4297.79,1,Good
358,37.73,22.29,10.57,46.02,1.9,576.66,6488.64,1,Good
359,47.34,15.64,15.27,76.96,1.75,480.14,3897.14,1,Good
360,34.36,19.64,15.23,70.46,1.37,450.46,5225.0,1,Good
361,26.46,11.33,5.63,28.56,1.96,492.46,6054.61,1,Good
362,51.18,22.5,18.75,68.16,2.23,596.79,6213.55,1,Good
363,78.47,18.06,12.99,52.91,2.87,598.08,6460.87,1,Good
364,17.61,9.79,8.47,40.4,1.18,410.68,5300.66,1,Good
365,29.41,16.92,19.38,37.67,1.35,483.1,4942.77,1,Good
366,55.02,22.53,20.9,63.96,1.79,481.55,4503.75,1,Good
367,48.45,22.27,21.41,67.82,2.29,398.58,5287.14,1,Good
368,42.11,23.68,15.29,73.44,1.91,496.11,4400.71,1,Good
369,57.3,17.82,18.18,24.37,2.02,704.07,6267.65,1,Good
370,46.43,24.39,16.7,57.53,1.87,499.08,5655.63,1,Good
371,42.97,16.01,4.6,52.78,1.54,467.85,4568.37,1,Good
372,15.91,21.82,21.64,50.04,1.88,517.77,4969.09,1,Good
373,34.77,12.18,16.12,40.31,2.27,641.9,5219.65,1,Good
374,34.24,26.26,13.34,52.91,2.24,509.33,7011.55,1,Good
375,49.85,30.12,18.84,76.98,0.83,588.01,4389.81,1,Good
376,19.21,14.5,15.84,60.61,1.66,618.83,5710.8,1,Good
377,32.68,13.07,12.15,49.13,2.82,580.06,5239.18,1,Good
378,42.84,20.39,20.36,51.44,2.13,501.89,5575.46,1,Good
379,60.62,13.03,8.75,42.43,2.46,544.75,4909.29,1,Good
380,24.52,14.77,14.63,39.56,1.48,435.81,6911.55,1,Good
381,29.16,26.74,12.45,76.83,1.25,608.91,5451.57,1,Good
382,33.93,10.81,9.08,19.2,1.75,501.03,4839.16,1,Good
383,46.96,23.39,21.22,56.83,2.18,635.53,5310.46,1,Good
384,29.3,14.71,8.7,53.5,2.92,470.67,4350.33,1,Good
385,30.07,6.77,8.1,38.46,2.52,344.13,5940.91,1,Good
386,34.48,21.66,13.56,46.57,2.28,448.25,3719.11,1,Good
387,22.33,7.06,12.55,65.16,2.17,598.04,5745.82,1,Good
388,19.24,12.97,16.98,44.21,0.0,527.84,3514.29,1,Good
389,23.32,16.76,18.18,45.92,1.88,560.01,6510.2,1,Good
390,43.44,6.31,4.21,50.61,3.16,418.42,5772.79,1,Good
391,44.77,17.14,22.08,50.3,1.46,554.44,5378.22,1,Good
392,46.52,24.28,14.08,57.19,2.27,561.48,4128.7,1,Good
393,23.31,8.16,9.64,19.46,2.16,476.07,5172.93,1,Good
394,19.78,20.13,15.66,44.53,1.37,630.27,5514.57,1,Good
395,70.81,13.69,7.07,39.79,3.47,465.65,4976.68,1,Good
396,66.86,24.72,27.94,51.48,1.34,534.21,5444.87,1,Good
397,27.74,3.07,6.06,22.52,1.51,534.57,4815.46,1,Good
398,28.0,11.9,14.08,50.03,2.44,320.69,5704.83,1,Good
399,33.75,38.98,28.67,77.46,1.98,496.86,4900.81,1,Good
400,57.79,26.6,23.39,43.01,2.18,523.09,5697.52,1,Good
401,5.16,3.38,0.0,36.82,7.95,453.28,4597.62,2,Fair
402,92.13,44.94,32.31,124.18,10.87,683.23,9980.42,2,Fair
403,50.44,41.87,47.66,50.37,4.4,708.54,7886.06,2,Fair
404,91.8,52.87,38.95,75.52,8.79,583.91,6778.27,2,Fair
405,98.64,76.9,38.05,94.73,5.0,1054.04,9611.23,2,Fair
406,116.78,73.09,29.59,150.42,11.16,566.75,5991.1,2,Fair
407,51.05,34.92,31.75,67.78,6.51,558.55,6571.19,2,Fair
408,67.78,47.21,51.45,155.89,6.85,990.02,9807.05,2,Fair
409,85.38,52.93,56.12,66.35,6.39,374.85,7289.53,2,Fair
410,88.55,39.45,54.51,79.91,6.75,746.48,10327.15,2,Fair
411,32.82,56.17,64.21,124.66,4.17,997.6,11343.96,2,Fair
412,101.16,56.1,27.41,126.0,8.9,325.04,4069.21,2,Fair
413,44.81,45.94,33.03,80.6,6.86,342.5,5858.69,2,Fair
414,118.79,59.56,38.4,123.03,8.99,487.87,4043.04,2,Fair
415,56.56,71.05,60.48,196.09,9.14,666.58,9348.55,2,Fair
416,119.31,68.8,50.54,135.93,8.13,581.8,6253.43,2,Fair
417,95.45,28.26,24.45,132.47,9.26,658.24,7379.6,2,Fair
418,75.12,73.51,75.76,167.4,5.81,571.39,6306.47,2,Fair
419,49.2,6.1,20.37,34.33,11.57,765.06,5468.13,2,Fair
420,157.37,47.59,27.7,126.93,9.5,823.53,8182.02,2,Fair
421,91.87,30.07,17.44,60.38,7.38,690.02,8311.63,2,Fair
422,24.92,19.12,24.36,92.87,1.58,1009.26,8025.27,2,Fair
423,74.37,55.1,40.31,187.84,9.34,661.69,5405.56,2,Fair
424,97.93,57.49,41.14,72.38,8.09,873.11,8046.37,2,Fair
425,136.73,86.84,63.97,110.13,10.71,441.41,3996.02,2,Fair
426,63.98,37.63,41.17,110.89,1.72,610.42,6363.44,2,Fair
427,141.68,65.16,53.8,82.78,11.25,833.29,8952.3,2,Fair
428,126.62,46.95,28.86,116.24,3.69,410.42,8161.71,2,Fair
429,148.15,84.48,47.73,167.57,9.63,861.57,8957.26,2,Fair
430,102.3,34.44,22.92,66.65,5.37,755.84,7172.56,2,Fair
431,137.19,64.76,63.77,134.07,10.3,438.97,8262.11,2,Fair
432,102.72,55.52,44.35,95.51,8.23,602.38,13382.48,2,Fair
433,61.11,29.94,45.82,76.03,5.59,893.75,9804.97,2,Fair
434,106.36,23.68,23.16,88.71,8.08,698.81,6219.87,2,Fair
435,111.35,40.89,23.77,84.4,11.04,670.21,7216.3,2,Fair
436,97.33,99.15,53.92,146.8,9.26,384.51,3591.06,2,Fair
437,126.62,50.4,55.81,86.82,6.47,506.63,3904.2,2,Fair
438,73.93,28.86,15.77,83.18,5.28,166.54,2973.23,2,Fair
439,122.48,60.25,28.15,156.9,5.98,481.46,7517.86,2,Fair
440,98.16,61.34,46.29,116.68,5.04,523.71,5905.64,2,Fair
441,94.08,35.81,30.17,73.39,3.71,552.02,4828.35,2,Fair
442,113.57,51.54,27.96,76.21,8.03,424.41,3123.16,2,Fair
443,86.23,35.74,43.22,143.14,6.65,716.56,10737.03,2,Fair
444,13.47,41.77,21.63,95.25,3.48,572.72,6317.54,2,Fair
445,134.02,71.16,66.81,192.03,9.28,608.37,7323.4,2,Fair
446,93.43,47.1,49.62,48.13,8.23,259.31,2317.55,2,Fair
447,109.35,38.02,27.78,63.62,4.11,887.29,6582.02,2,Fair
448,58.77,54.1,34.15,160.39,5.14,662.65,5083.52,2,Fair
449,125.57,20.15,34.48,101.63,11.78,682.82,7717.46,2,Fair
450,87.07,44.04,32.04,86.02,7.65,807.56,4228.17,2,Fair
451,172.19,65.28,35.15,118.93,11.14,509.86,5740.64,2,Fair
452,95.06,80.57,54.28,156.43,9.11,748.78,10730.48,2,Fair
453,93.99,48.68,41.8,49.35,5.41,591.1,5635.49,2,Fair
454,64.15,50.45,50.89,137.61,5.4,810.81,4616.4,2,Fair
455,68.74,53.34,39.44,95.12,4.82,383.51,4280.92,2,Fair
456,81.97,54.07,61.71,130.48,4.79,540.27,4837.05,2,Fair
457,88.79,51.65,19.5,87.17,5.88,759.42,7903.75,2,Fair
458,104.94,44.94,32.47,124.3,5.61,654.87,5816.44,2,Fair
459,90.39,22.29,30.66,41.11,7.1,374.21,5838.04,2,Fair
460,180.31,45.5,46.14,102.18,6.64,376.42,5863.78,2,Fair
461,104.29,61.86,32.6,114.08,9.84,669.7,8694.95,2,Fair
462,81.87,45.21,48.73,73.96,7.02,447.47,12362.02,2,Fair
463,86.29,41.05,29.66,111.06,5.52,231.24,2909.07,2,Fair
464,72.27,33.71,35.98,119.36,6.19,339.05,2136.59,2,Fair
465,89.27,23.31,18.75,41.08,6.42,533.27,8586.47,2,Fair
466,70.2,44.31,44.01,162.55,5.76,450.01,8101.59,2,Fair
467,40.12,13.99,0.0,47.43,3.59,286.57,2407.04,2,Fair
468,79.8,40.83,22.49,107.0,9.61,626.42,6431.38,2,Fair
469,110.39,78.35,65.1,210.0,9.13,981.25,10727.34,2,Fair
470,116.69,58.3,41.18,122.89,12.16,475.16,5253.44,2,Fair
471,177.75,81.45,72.19,156.83,10.46,734.97,5600.87,2,Fair
472,53.23,25.69,31.12,64.8,3.14,830.39,5283.32,2,Fair
473,77.55,32.78,42.3,62.7,11.16,363.67,3092.31,2,Fair
474,114.97,77.72,36.73,128.23,6.1,441.07,4694.99,2,Fair
475,140.37,71.57,58.84,164.59,9.63,489.53,4409.55,2,Fair
476,115.19,83.27,40.98,121.61,6.12,516.53,7660.55,2,Fair
477,91.57,42.21,24.54,52.41,0.48,584.7,7300.63,2,Fair
478,136.29,57.19,72.98,231.67,13.02,560.98,10313.96,2,Fair
479,84.24,78.11,37.09,182.18,8.83,958.81,11881.22,2,Fair
480,116.08,61.77,34.95,124.75,8.61,667.15,7306.5,2,Fair
481,122.55,64.33,22.33,104.2,7.37,727.5,7575.4,2,Fair
482,52.78,50.42,61.38,118.71,3.57,546.43,5489.09,2,Fair
483,60.58,34.32,16.53,36.32,5.91,360.31,5132.23,2,Fair
484,61.03,59.42,14.52,74.5,5.44,726.38,7125.37,2,Fair
485,76.96,30.56,19.58,95.38,8.72,742.15,8630.64,2,Fair
486,62.41,48.31,47.32,136.12,3.84,386.63,6935.09,2,Fair
487,114.05,62.77,29.72,114.08,5.06,750.45,8152.49,2,Fair
488,76.66,72.22,78.6,111.63,6.62,759.8,9827.75,2,Fair
489,21.33,40.66,46.54,52.63,4.32,718.02,10552.95,2,Fair
490,88.88,41.75,55.13,138.03,8.48,588.81,7110.34,2,Fair
491,110.33,55.63,49.24,97.94,6.62,591.72,6360.04,2,Fair
492,70.46,35.63,36.24,69.92,5.51,463.34,5120.46,2,Fair
493,101.1,83.24,51.9,169.37,3.85,974.44,7398.73,2,Fair
494,95.53,82.14,57.01,198.25,9.2,300.43,3754.19,2,Fair
495,142.81,93.72,54.98,157.68,11.26,536.41,5668.26,2,Fair
496,131.38,48.64,39.88,144.22,13.13,701.48,5031.34,2,Fair
497,55.48,16.51,24.41,74.07,6.17,379.69,6522.39,2,Fair
498,115.87,80.95,37.34,109.67,6.16,472.96,6116.02,2,Fair
499,70.49,53.99,65.76,105.12,5.85,846.45,7702.01,2,Fair
500,104.03,25.44,38.0,147.36,10.3,402.43,2881.2,2,Fair
501,91.75,64.81,37.41,90.95,6.4,864.45,9809.51,2,Fair
502,42.14,10.85,1.56,2.02,0.98,251.55,8251.8,2,Fair
503,72.39,28.18,30.73,66.67,5.03,444.0,6433.09,2,Fair
504,60.84,57.66,31.43,114.37,7.09,597.87,5674.13,2,Fair
505,95.42,74.84,55.03,65.83,8.79,535.77,12732.0,2,Fair
506,114.74,43.56,41.46,100.62,10.48,570.78,4913.26,2,Fair
507,93.43,37.4,54.81,47.59,8.62,488.81,9348.31,2,Fair
508,79.51,33.4,41.15,90.9,8.01,364.3,10736.93,2,Fair
509,48.42,71.96,67.59,165.48,7.81,341.94,4426.23,2,Fair
510,87.44,45.08,40.31,119.72,1.91,615.81,7580.45,2,Fair
511,174.32,96.01,75.79,102.89,8.51,611.12,7694.82,2,Fair
512,53.38,30.86,37.83,55.25,6.44,1012.83,12473.43,2,Fair
513,94.77,53.23,36.56,113.42,2.84,590.72,7063.4,2,Fair
514,87.88,61.64,30.85,88.06,7.58,818.39,5290.62,2,Fair
515,60.38,37.16,38.2,68.64,4.99,518.38,9598.03,2,Fair
516,76.84,54.17,31.57,70.98,6.16,1098.81,10309.26,2,Fair
517,28.08,20.29,50.74,60.06,8.47,479.16,5475.84,2,Fair
518,114.0,46.01,42.25,77.08,7.09,656.11,7392.81,2,Fair
519,129.01,74.34,47.34,156.08,8.77,804.87,8421.94,2,Fair
520,48.21,23.97,35.11,41.62,3.29,840.21,8646.25,2,Fair
521,120.29,29.15,18.81,24.98,9.96,483.28,11307.05,2,Fair
522,122.04,67.54,55.14,104.35,8.09,466.63,7042.49,2,Fair
523,52.82,56.3,32.56,168.29,6.38,1066.37,10584.51,2,Fair
524,72.98,63.98,31.55,177.28,9.92,252.12,4631.37,2,Fair
525,101.95,65.57,46.06,71.39,5.87,749.54,15056.1,2,Fair
526,84.75,21.85,10.48,72.24,6.04,1007.39,10050.21,2,Fair
527,29.25,31.02,22.26,132.83,3.15,489.55,6664.85,2,Fair
528,109.45,95.24,62.94,161.45,4.63,767.5,9427.4,2,Fair
529,20.83,25.08,14.69,19.03,4.49,352.84,5092.16,2,Fair
530,122.41,58.9,46.22,86.73,7.44,735.67,8449.95,2,Fair
531,92.74,41.66,28.58,115.41,5.1,478.3,5517.76,2,Fair
532,144.36,103.84,53.38,77.22,6.0,654.27,4566.27,2,Fair
533,66.48,22.92,12.77,55.1,8.02,552.49,5797.31,2,Fair
534,71.33,55.02,32.78,32.6,7.66,648.27,10569.69,2,Fair
535,94.65,17.53,14.35,76.32,6.45,611.11,8809.51,2,Fair
536,132.27,66.58,33.35,151.67,9.56,481.72,3981.3,2,Fair
537,104.37,82.27,48.44,157.3,5.84,611.22,11613.61,2,Fair
538,155.25,88.19,57.83,114.17,7.55,1216.6,12209.2,2,Fair
539,204.13,90.39,43.68,102.83,9.33,496.13,8499.13,2,Fair
540,126.73,64.63,57.09,93.75,5.97,408.16,4108.36,2,Fair
541,150.41,65.01,47.84,110.58,6.43,725.84,7462.91,2,Fair
542,124.6,47.01,50.43,126.8,7.32,917.28,10150.73,2,Fair
543,89.68,53.95,31.22,153.59,10.54,632.26,8095.89,2,Fair
544,97.44,64.66,45.84,131.71,5.37,599.79,8334.84,2,Fair
545,158.81,58.68,37.51,126.76,9.96,736.68,7325.59,2,Fair
546,77.7,38.64,41.67,123.09,4.59,635.01,4910.32,2,Fair
547,116.58,71.13,55.25,110.91,8.69,498.7,5057.91,2,Fair
548,140.71,28.97,25.62,30.41,4.32,101.34,2392.79,2,Fair
549,40.08,32.14,27.03,7.23,5.15,618.2,7876.17,2,Fair
550,50.66,25.69,34.06,94.55,11.68,568.13,10371.66,2,Fair
551,143.55,78.78,64.18,112.44,8.4,636.2,8998.31,2,Fair
552,95.05,67.79,61.48,87.76,7.62,461.77,5556.83,2,Fair
553,36.5,45.78,43.65,124.2,7.77,493.7,7774.94,2,Fair
554,126.23,67.34,31.03,114.2,8.11,554.61,5863.13,2,Fair
555,28.47,29.47,39.95,62.65,2.91,555.55,4635.99,2,Fair
556,93.95,53.16,43.98,66.99,3.9,686.01,7559.59,2,Fair
557,130.98,76.49,41.64,101.14,6.1,836.65,11001.57,2,Fair
558,99.93,44.43,52.26,60.13,8.35,715.08,5319.11,2,Fair
559,76.11,26.53,29.27,97.94,8.74,714.15,4397.08,2,Fair
560,95.02,37.81,46.24,136.46,9.89,466.26,4558.8,2,Fair
561,73.18,56.16,38.75,101.58,7.56,340.9,5538.45,2,Fair
562,54.87,35.94,36.64,115.74,7.44,433.47,3499.73,2,Fair
563,60.95,83.62,74.3,125.71,7.77,508.75,4405.38,2,Fair
564,82.19,24.65,24.04,67.49,5.97,620.7,8151.04,2,Fair
565,123.48,43.39,64.28,112.28,7.34,1033.07,5485.1,2,Fair
566,157.9,44.96,37.31,91.51,7.83,379.4,9365.21,2,Fair
567,132.43,32.82,31.8,135.79,11.76,448.69,3702.14,2,Fair
568,70.3,37.78,30.85,84.33,7.0,394.07,6151.22,2,Fair
569,109.12,66.46,37.89,105.42,7.49,650.75,10974.6,2,Fair
570,89.34,47.05,41.67,127.11,8.17,962.99,9297.52,2,Fair
571,55.11,36.55,54.71,107.78,4.64,651.49,8104.21,2,Fair
572,68.68,38.08,50.69,46.86,5.28,999.5,6832.57,2,Fair
573,97.11,79.67,67.55,166.57,4.96,141.91,159.85,2,Fair
574,85.33,40.43,50.64,111.11,4.63,660.0,6994.71,2,Fair
575,100.59,52.3,42.3,81.96,11.71,401.32,5086.38,2,Fair
576,89.97,58.02,47.04,63.54,7.76,728.87,7095.88,2,Fair
577,121.61,32.74,41.11,128.15,4.63,527.31,9717.25,2,Fair
578,71.43,28.54,36.13,67.65,2.59,614.52,6927.31,2,Fair
579,71.65,60.64,45.67,93.7,7.64,827.95,10463.51,2,Fair
580,157.59,91.03,37.41,110.77,7.53,530.79,8049.3,2,Fair
581,122.1,50.25,39.31,90.67,6.92,509.06,4902.88,2,Fair
582,77.27,29.01,48.2,172.32,8.99,812.07,7907.51,2,Fair
583,108.64,109.93,65.33,210.83,7.4,463.06,5372.98,2,Fair
584,12.11,1.22,16.59,60.23,6.33,363.2,1869.46,2,Fair
585,65.79,37.65,26.74,45.37,6.33,276.43,3617.22,2,Fair
586,105.53,53.07,42.62,110.35,6.19,569.03,5858.51,2,Fair
587,68.13,38.54,48.97,92.06,3.41,769.43,10210.4,2,Fair
588,87.61,58.91,70.73,112.13,7.23,313.31,5659.2,2,Fair
589,69.9,38.55,21.68,108.67,3.59,599.02,8881.51,2,Fair
590,57.18,60.68,48.98,48.38,3.19,674.46,8247.94,2,Fair
591,84.11,34.87,24.68,97.31,10.85,1194.65,10996.1,2,Fair
592,95.05,34.65,49.1,46.66,4.98,712.22,4601.71,2,Fair
593,68.0,27.26,37.3,42.33,1.72,563.57,3305.99,2,Fair
594,90.17,71.53,37.48,96.51,5.81,690.93,4583.81,2,Fair
595,20.05,33.68,26.14,82.37,8.63,577.76,5084.77,2,Fair
596,37.71,28.25,38.53,66.9,6.45,368.56,8397.97,2,Fair
597,94.05,40.79,24.2,102.25,15.59,669.51,8645.95,2,Fair
598,83.38,30.33,39.55,57.16,9.44,621.03,6888.28,2,Fair
599,38.81,21.89,13.6,49.46,4.88,212.89,4128.99,2,Fair
600,84.69,32.62,21.15,89.18,8.69,660.76,5087.28,2,Fair
601,507.11,295.31,685.7,537.17,179.66,1428.94,30549.67,3,Poor
602,495.94,241.05,415.73,343.27,195.92,1159.27,32182.63,3,Poor
603,445.65,274.16,610.43,457.93,234.11,825.25,26963.53,3,Poor
604,337.56,182.71,249.58,401.08,249.62,1171.27,17829.33,3,Poor
605,349.03,223.62,717.82,451.85,163.18,1819.82,31925.85,3,Poor
606,397.88,251.07,392.1,302.64,236.04,1231.91,16439.64,3,Poor
607,294.09,183.59,488.74,392.35,251.31,1235.3,31453.96,3,Poor
608,444.65,286.29,277.73,379.28,190.09,979.48,29332.34,3,Poor
609,631.57,188.32,505.37,720.94,341.78,1448.81,42640.33,3,Poor
610,297.75,198.43,368.98,314.27,159.86,1177.22,25317.32,3,Poor
611,310.42,270.36,407.41,288.2,173.11,1770.19,22654.69,3,Poor
612,386.23,232.83,506.8,521.26,215.03,1558.42,19299.45,3,Poor
613,503.48,159.53,574.52,414.9,163.02,943.2,13090.36,3,Poor
614,418.94,229.9,547.85,519.31,263.17,1963.86,23323.83,3,Poor
615,507.67,355.76,349.08,435.76,265.43,1285.86,22440.47,3,Poor
616,491.01,191.86,390.44,414.19,175.69,1515.24,25914.45,3,Poor
617,336.86,183.02,255.71,373.94,283.64,1135.04,32143.96,3,Poor
618,346.34,188.75,346.63,441.08,252.09,1480.82,22128.25,3,Poor
619,577.69,272.59,689.1,756.61,230.83,790.49,28051.02,3,Poor
620,528.89,183.52,299.23,358.96,272.37,1059.48,31465.75,3,Poor
621,596.37,166.84,568.6,574.8,263.34,1709.71,30832.95,3,Poor
622,214.16,225.64,273.63,219.64,237.41,1449.83,38071.69,3,Poor
623,543.9,173.37,455.66,517.88,151.16,1319.38,17427.03,3,Poor
624,380.85,277.06,505.37,367.35,145.56,1577.84,27002.25,3,Poor
625,416.76,207.7,520.38,209.62,239.21,1686.03,28457.47,3,Poor
626,613.72,184.9,300.75,469.26,226.2,1495.64,30930.87,3,Poor
627,370.73,204.55,689.93,384.7,233.08,1517.18,25391.05,3,Poor
628,392.93,128.41,332.61,395.02,220.65,1740.77,25868.1,3,Poor
629,309.65,245.79,489.2,605.31,259.79,1125.03,17568.09,3,Poor
630,342.89,222.76,581.86,618.11,233.05,1409.47,26747.81,3,Poor
631,557.17,189.65,334.46,424.75,232.96,1351.63,27694.73,3,Poor
632,512.6,108.72,244.21,409.74,214.89,1135.78,17223.35,3,Poor
633,495.41,209.91,231.35,314.84,231.3,796.99,21773.59,3,Poor
634,448.77,262.32,418.74,573.54,213.55,1091.63,24330.75,3,Poor
635,283.29,179.49,505.66,443.0,239.04,1218.16,28167.42,3,Poor
636,399.9,223.18,375.64,311.88,254.24,1851.22,36958.63,3,Poor
637,444.97,214.11,436.25,551.96,228.73,1316.01,32398.52,3,Poor
638,532.76,217.52,423.36,656.25,317.04,1622.6,29572.81,3,Poor
639,649.01,200.22,466.05,450.75,283.29,1504.81,27614.79,3,Poor
640,451.42,349.24,448.59,551.16,274.85,1441.81,35597.8,3,Poor
641,458.61,235.26,753.38,592.2,197.69,1639.0,26797.94,3,Poor
642,527.14,186.15,397.48,338.74,163.17,1549.79,27532.52,3,Poor
643,492.42,242.86,357.47,474.88,183.21,1450.56,34285.03,3,Poor
644,399.32,254.84,629.87,538.63,146.08,929.65,18853.66,3,Poor
645,269.63,242.07,324.33,388.96,193.16,1626.11,30584.04,3,Poor
646,392.21,271.23,562.69,597.51,228.78,1855.78,25540.72,3,Poor
647,445.15,267.9,492.08,618.05,403.51,1047.09,18740.51,3,Poor
648,372.69,196.33,616.17,362.74,117.76,1306.47,35114.34,3,Poor
649,306.2,279.98,444.18,402.02,377.76,1497.45,23745.76,3,Poor
650,563.12,197.35,454.84,516.4,275.07,1489.65,28629.59,3,Poor
651,395.16,249.38,438.1,639.78,235.47,1159.84,27140.55,3,Poor
652,434.73,246.25,562.28,819.53,271.84,1444.45,40579.45,3,Poor
653,330.33,204.11,316.29,532.06,312.17,1108.19,35699.72,3,Poor
654,531.56,272.34,531.44,243.37,308.31,1383.49,24788.24,3,Poor
655,420.9,214.5,486.08,527.86,134.03,813.08,13297.32,3,Poor
656,373.76,211.33,564.69,340.34,136.8,903.39,20883.04,3,Poor
657,304.07,256.6,602.12,468.71,345.3,1198.04,34737.64,3,Poor
658,366.36,118.17,384.64,303.96,263.69,1070.54,21887.22,3,Poor
659,310.83,175.1,528.89,514.51,293.01,1422.32,29425.1,3,Poor
660,281.74,133.78,328.65,360.91,246.08,1347.23,19798.54,3,Poor
661,187.43,183.48,419.18,273.32,165.68,1203.06,28159.96,3,Poor
662,365.57,144.57,452.04,347.83,141.5,1745.71,33803.22,3,Poor
663,523.59,206.57,492.84,615.48,209.26,1257.38,26232.29,3,Poor
664,311.35,211.01,303.81,476.25,186.58,1163.73,41217.23,3,Poor
665,256.7,170.72,246.07,479.88,178.96,1242.42,25222.88,3,Poor
666,431.68,281.06,341.93,565.11,294.67,1314.29,37063.96,3,Poor
667,386.04,255.24,303.02,489.77,153.42,1040.04,12804.57,3,Poor
668,404.47,235.71,533.35,494.61,269.47,1263.39,26209.83,3,Poor
669,538.37,199.27,358.58,419.9,175.22,1573.63,34641.91,3,Poor
670,275.44,194.17,280.02,549.38,308.61,1729.96,24709.32,3,Poor
671,370.29,191.65,484.25,368.18,142.41,1425.91,27080.11,3,Poor
672,377.87,208.49,569.5,541.37,246.11,1550.43,32438.03,3,Poor
673,492.49,244.58,437.24,320.1,277.04,1491.87,34612.56,3,Poor
674,423.82,156.5,357.29,338.53,233.57,1788.3,25305.4,3,Poor
675,440.61,201.51,358.74,622.67,206.55,1420.91,24208.93,3,Poor
676,304.89,259.39,367.91,252.76,178.36,1518.02,27691.41,3,Poor
677,319.69,123.76,237.66,197.5,210.22,1295.68,30732.86,3,Poor
678,350.31,201.05,564.16,559.71,163.63,1613.25,44440.69,3,Poor
679,419.83,216.35,376.64,321.02,85.91,949.1,32061.73,3,Poor
680,233.85,162.42,377.46,523.68,154.51,865.61,28446.03,3,Poor
681,286.17,219.29,539.89,253.49,219.39,1038.86,19719.38,3,Poor
682,491.67,328.55,651.17,596.78,259.02,1572.04,32347.46,3,Poor
683,393.36,154.94,361.12,344.4,168.76,1163.38,22535.66,3,Poor
684,354.44,308.37,464.36,323.42,194.9,1055.62,26188.36,3,Poor
685,421.09,153.14,197.44,336.11,115.92,2026.72,33706.96,3,Poor
686,481.02,295.66,755.52,451.12,268.4,1336.68,16394.87,3,Poor
687,369.6,171.49,454.86,601.96,374.21,1176.44,21787.55,3,Poor
688,424.65,177.1,353.07,339.04,349.48,1523.76,32555.94,3,Poor
689,514.1,227.64,318.05,599.8,256.52,1566.31,23922.93,3,Poor
690,452.48,243.72,613.6,561.93,206.87,1430.99,18017.32,3,Poor
691,352.63,140.06,514.14,602.67,199.08,1924.4,46986.79,3,Poor
692,509.74,281.24,529.06,350.42,268.06,1478.19,38566.44,3,Poor
693,414.47,227.51,417.47,533.72,300.96,1325.01,34919.62,3,Poor
694,475.14,223.77,383.51,477.25,213.82,1592.12,37417.83,3,Poor
695,482.06,269.37,462.56,401.07,315.8,1139.82,26634.04,3,Poor
696,294.79,227.16,294.01,372.85,121.2,1177.64,22749.88,3,Poor
697,528.02,242.26,857.82,367.66,275.9,1652.0,24979.25,3,Poor
698,500.4,345.55,482.59,511.45,246.78,1516.88,36488.52,3,Poor
699,442.11,245.77,282.78,380.3,196.99,1583.18,45878.36,3,Poor
700,224.2,116.52,446.98,250.47,76.21,1200.27,34952.17,3,Poor
701,658.41,264.84,676.98,560.54,319.27,1404.6,19408.17,3,Poor
702,313.74,253.93,554.93,317.07,102.97,1537.6,32208.28,3,Poor
703,332.52,264.02,610.8,586.31,224.07,1289.49,26092.38,3,Poor
704,442.26,193.6,285.03,566.06,227.67,1091.53,19238.09,3,Poor
705,571.18,216.96,622.93,424.62,218.61,1120.1,17052.13,3,Poor
706,276.5,143.45,287.62,405.67,203.72,1140.52,32506.39,3,Poor
707,357.11,224.55,596.54,245.18,141.45,1316.77,18545.14,3,Poor
708,390.54,278.5,549.07,406.31,186.08,1180.66,31019.26,3,Poor
709,464.49,233.39,603.77,698.74,289.32,1053.09,26986.67,3,Poor
710,477.85,233.78,651.26,343.7,227.66,1197.75,19693.27,3,Poor
711,368.4,107.71,317.95,343.17,173.88,1393.09,28750.79,3,Poor
712,481.58,257.72,546.39,421.19,149.29,1581.33,32450.32,3,Poor
713,554.97,201.78,521.21,473.12,224.16,1430.5,29408.29,3,Poor
714,356.61,195.02,583.14,434.19,286.01,1274.06,20267.95,3,Poor
715,340.75,168.45,310.82,386.73,163.9,1172.98,32624.67,3,Poor
716,437.42,286.5,469.12,508.85,142.11,1559.47,22658.48,3,Poor
717,355.61,195.33,368.41,264.71,176.14,1457.63,18341.32,3,Poor
718,508.7,352.69,483.87,494.64,315.91,1210.7,30542.26,3,Poor
719,348.38,184.17,273.94,459.74,295.53,1693.17,26911.46,3,Poor
720,405.6,283.26,579.16,458.96,164.35,1002.52,34394.61,3,Poor
721,274.39,250.58,313.94,449.95,215.29,1747.39,27423.33,3,Poor
722,472.48,190.0,469.37,439.96,311.67,1436.45,35721.48,3,Poor
723,373.64,168.79,385.12,360.59,257.76,1873.97,33455.11,3,Poor
724,453.07,260.91,671.02,486.33,304.89,1513.17,24357.75,3,Poor
725,348.77,240.42,683.42,430.65,234.41,1577.07,27759.53,3,Poor
726,437.71,253.97,374.11,364.82,237.04,1058.76,21841.79,3,Poor
727,408.46,218.68,489.73,429.49,230.38,1082.03,25333.75,3,Poor
728,306.65,137.54,375.6,361.67,187.43,1340.54,24262.28,3,Poor
729,518.99,267.74,509.92,524.45,217.79,973.16,30467.8,3,Poor
730,356.16,157.16,434.84,567.09,329.4,917.31,21075.75,3,Poor
731,397.9,242.04,362.29,491.1,226.8,1602.99,17201.68,3,Poor
732,353.91,178.32,404.49,522.08,233.51,1314.19,24320.1,3,Poor
733,287.54,149.86,484.7,499.61,284.48,1082.37,30461.8,3,Poor
734,615.54,288.4,688.8,430.81,151.35,1767.25,28036.07,3,Poor
735,429.46,234.6,450.85,604.91,168.89,1626.38,32102.51,3,Poor
736,497.73,304.72,704.09,542.79,256.28,1314.4,24561.29,3,Poor
737,666.64,302.31,559.91,491.6,259.09,1126.28,27155.5,3,Poor
738,523.75,296.0,642.82,626.21,321.07,1478.52,45811.93,3,Poor
739,424.8,217.54,446.4,395.21,161.98,1354.47,31335.55,3,Poor
740,526.99,253.31,509.6,420.41,395.26,1270.06,27093.94,3,Poor
741,389.13,192.89,362.68,376.55,263.41,1241.67,21916.19,3,Poor
742,526.5,275.99,542.73,697.63,273.62,1383.85,37759.74,3,Poor
743,248.56,269.24,583.82,633.5,173.22,1483.46,35959.92,3,Poor
744,414.0,252.77,572.51,684.84,180.64,866.84,32442.68,3,Poor
745,395.61,249.57,512.3,605.35,211.91,1446.15,35934.32,3,Poor
746,651.69,295.14,667.23,450.75,258.05,1378.73,19575.69,3,Poor
747,309.48,167.48,313.58,429.7,197.38,1543.79,25511.45,3,Poor
748,275.06,229.99,437.86,452.85,161.66,1350.5,21451.22,3,Poor
749,618.63,239.21,569.67,387.51,288.56,1538.77,29936.38,3,Poor
750,246.34,263.86,371.28,287.37,192.31,1340.55,29397.85,3,Poor
751,591.21,160.74,505.33,369.88,331.74,1095.73,16499.81,3,Poor
752,328.95,308.63,818.66,459.03,170.4,1163.31,34067.22,3,Poor
753,119.82,174.67,557.81,399.11,139.22,1475.15,24481.06,3,Poor
754,261.34,200.84,437.35,314.63,174.51,1472.02,27399.48,3,Poor
755,565.35,279.95,473.56,466.74,277.09,1286.16,32304.58,3,Poor
756,407.51,315.79,662.08,624.05,232.4,1505.71,36391.2,3,Poor
757,215.71,206.5,374.73,369.33,287.64,1626.26,29860.72,3,Poor
758,328.76,152.34,400.59,400.04,239.77,1112.49,27157.28,3,Poor
759,245.04,309.41,589.46,328.59,236.8,1515.53,24400.16,3,Poor
760,477.82,235.74,328.95,488.88,274.58,1223.03,35490.43,3,Poor
761,408.09,175.35,276.82,410.41,244.63,1062.85,23763.67,3,Poor
762,325.62,335.72,466.61,546.79,153.6,1293.15,27448.6,3,Poor
763,407.52,333.25,548.21,532.68,205.86,1205.54,15114.9,3,Poor
764,309.77,189.43,313.99,373.61,177.89,1056.3,30477.26,3,Poor
765,456.76,219.55,563.59,636.16,214.44,1280.81,28714.92,3,Poor
766,270.47,280.84,508.26,438.64,204.98,920.8,17439.59,3,Poor
767,387.74,297.11,479.39,549.07,271.94,1189.94,31513.03,3,Poor
768,454.73,143.0,217.5,488.71,180.74,1527.22,28113.35,3,Poor
769,363.99,220.71,430.84,327.39,233.27,1398.61,34516.2,3,Poor
770,319.49,193.24,448.46,306.08,144.34,998.67,31689.84,3,Poor
771,301.91,203.13,448.81,403.11,114.1,1235.12,29751.44,3,Poor
772,475.48,249.74,649.15,586.98,310.08,1391.59,28922.92,3,Poor
773,270.72,129.96,145.5,287.84,155.13,1059.07,31060.28,3,Poor
774,370.98,227.42,596.02,379.54,314.34,1408.65,32438.15,3,Poor
775,314.07,242.91,465.28,479.01,296.69,1118.65,21326.89,3,Poor
776,304.65,321.54,529.37,677.38,197.71,1510.33,31958.49,3,Poor
777,484.02,258.53,510.99,448.46,139.47,1009.17,27256.76,3,Poor
778,372.85,348.52,527.95,432.11,218.57,1432.55,23116.37,3,Poor
779,366.15,169.45,364.52,495.89,247.42,1073.82,22135.17,3,Poor
780,579.48,213.07,516.14,544.16,264.85,1367.88,27678.13,3,Poor
781,568.09,255.47,507.13,428.58,157.63,1182.73,31914.64,3,Poor
782,534.94,146.08,371.02,353.89,187.31,1386.43,27012.59,3,Poor
783,246.74,134.54,460.23,376.35,143.55,1647.86,31352.45,3,Poor
784,349.51,198.66,605.1,560.23,254.14,1098.23,35642.46,3,Poor
785,423.5,162.65,392.1,418.89,188.95,1070.68,17745.07,3,Poor
786,524.37,260.07,400.94,334.49,304.12,1448.8,35869.35,3,Poor
787,240.52,155.54,270.66,435.22,238.21,1549.81,32975.68,3,Poor
788,460.07,259.41,434.88,466.82,286.56,901.57,35299.95,3,Poor
789,285.26,144.51,405.52,316.98,176.92,1343.3,24143.93,3,Poor
790,534.09,215.96,541.21,367.38,214.56,1575.52,36606.74,3,Poor
791,535.0,278.07,352.48,395.24,241.34,1095.57,29273.11,3,Poor
792,549.66,262.69,435.53,462.82,251.51,1232.63,44330.88,3,Poor
793,388.3,191.19,275.23,470.76,263.85,1219.34,34973.22,3,Poor
794,361.76,169.26,452.43,388.87,153.68,1486.87,31915.16,3,Poor
795,453.53,313.64,526.38,714.15,265.41,1150.66,24662.06,3,Poor
796,285.43,197.89,361.04,391.14,190.92,962.54,21670.99,3,Poor
797,261.91,118.8,573.33,359.33,274.63,1431.79,32053.92,3,Poor
798,354.48,116.37,297.36,537.68,196.47,1218.21,32471.65,3,Poor
799,238.91,208.7,488.29,352.47,107.5,897.98,35188.06,3,Poor
800,418.73,206.09,377.7,439.95,268.07,1681.6,30789.58,3,Poor
801,618.82,482.51,880.5,699.29,486.59,1521.7,61254.45,4,Very Poor
802,950.47,430.97,835.08,638.76,403.09,3248.71,70191.24,4,Very Poor
803,915.01,460.85,1154.76,886.54,351.91,2547.9,52354.29,4,Very Poor
804,924.82,421.07,954.82,1070.87,737.41,1394.05,33257.02,4,Very Poor
805,485.24,307.66,693.12,553.22,713.89,2905.93,77491.48,4,Very Poor
806,737.29,520.94,629.2,828.36,314.31,1523.44,50614.62,4,Very Poor
807,735.76,521.37,1492.53,959.23,271.73,2199.04,57157.16,4,Very Poor
808,443.98,377.57,1057.25,698.56,137.19,2254.45,29302.02,4,Very Poor
809,809.11,547.61,1323.98,1444.02,469.61,2309.27,61901.55,4,Very Poor
810,695.83,347.24,1012.05,806.7,250.41,2693.62,51750.0,4,Very Poor
811,901.04,292.95,599.01,906.37,449.25,2173.19,65801.33,4,Very Poor
812,1146.9,530.11,837.91,697.13,513.7,1237.57,38581.67,4,Very Poor
813,651.0,272.15,987.48,704.64,213.93,1113.73,34434.71,4,Very Poor
814,417.53,293.11,730.46,416.95,364.16,1619.29,37888.43,4,Very Poor
815,396.52,434.19,1228.85,1046.47,467.45,2226.26,72488.56,4,Very Poor
816,836.05,500.43,849.7,715.3,648.3,2321.21,59737.33,4,Very Poor
817,1052.72,386.21,711.36,1140.48,346.15,2004.78,40127.26,4,Very Poor
818,553.47,443.13,1012.82,880.03,772.7,647.03,30929.95,4,Very Poor
819,923.44,496.59,873.39,963.25,237.3,3608.07,78747.35,4,Very Poor
820,492.98,191.28,487.7,499.93,108.32,3997.14,89662.58,4,Very Poor
821,759.98,450.48,824.49,1372.02,258.25,2117.81,37336.1,4,Very Poor
822,720.5,360.41,917.46,1051.76,476.78,1460.92,30630.49,4,Very Poor
823,588.92,338.29,989.03,984.15,464.92,1519.53,47490.75,4,Very Poor
824,631.75,189.68,832.03,786.79,802.03,1422.19,46146.3,4,Very Poor
825,495.44,378.73,884.09,909.33,616.94,2628.3,32400.08,4,Very Poor
826,1354.04,378.9,951.33,1784.17,643.54,2272.56,51075.83,4,Very Poor
827,208.54,274.21,431.73,275.92,213.01,1556.49,28281.74,4,Very Poor
828,412.7,422.63,863.0,707.66,358.42,1750.65,34963.65,4,Very Poor
829,887.37,532.89,609.63,688.5,536.61,3091.25,65105.2,4,Very Poor
830,561.38,395.02,467.78,533.4,456.15,1972.32,37876.88,4,Very Poor
831,853.09,599.78,1336.88,840.94,567.38,3298.34,39196.27,4,Very Poor
832,983.49,543.52,1019.69,580.94,528.91,1637.54,48388.68,4,Very Poor
833,469.45,481.24,915.66,708.44,495.04,3768.68,54765.52,4,Very Poor
834,325.66,468.74,1144.97,1179.33,317.31,1914.06,39203.15,4,Very Poor
835,334.77,306.2,858.32,329.87,275.28,1827.27,42624.95,4,Very Poor
836,573.87,293.82,665.97,595.62,286.75,292.76,40898.38,4,Very Poor
837,188.53,245.57,666.34,295.82,249.85,694.11,40741.76,4,Very Poor
838,288.49,360.63,932.81,592.51,389.91,2564.72,51453.29,4,Very Poor
839,638.0,339.96,543.82,515.34,388.04,1416.55,35949.49,4,Very Poor
840,589.76,274.73,926.27,1078.36,446.03,1910.46,31940.89,4,Very Poor
841,612.33,596.53,1738.99,627.82,62.6,1905.91,52027.1,4,Very Poor
842,1518.89,1015.36,1966.43,1827.45,350.72,2266.51,53063.0,4,Very Poor
843,789.11,261.31,622.89,885.37,527.04,1432.33,56435.92,4,Very Poor
844,789.75,242.12,258.61,748.63,406.78,2181.46,33354.56,4,Very Poor
845,1067.13,475.96,1299.03,837.46,483.4,2603.42,54293.94,4,Very Poor
846,802.7,544.75,894.33,882.86,425.42,3791.68,105508.01,4,Very Poor
847,750.92,286.36,637.75,495.37,358.65,2342.14,51029.82,4,Very Poor
848,668.18,467.31,1005.18,748.83,487.73,2223.27,67354.45,4,Very Poor
849,757.73,476.94,803.17,692.14,494.55,3465.18,35583.8,4,Very Poor
850,976.65,343.79,581.04,381.66,572.37,1800.12,53375.63,4,Very Poor
851,403.19,300.77,395.28,470.54,168.72,3003.55,54199.49,4,Very Poor
852,642.81,539.5,1027.32,1290.52,317.54,1771.45,34035.99,4,Very Poor
853,953.62,395.0,1378.32,953.2,319.91,1426.21,52151.75,4,Very Poor
854,506.7,350.26,782.24,468.54,274.71,1050.91,56749.93,4,Very Poor
855,941.2,600.25,1004.5,611.52,346.19,2602.0,39818.13,4,Very Poor
856,712.54,285.34,958.84,492.1,303.78,942.93,53359.82,4,Very Poor
857,907.58,644.58,619.19,807.55,527.07,2081.14,65306.07,4,Very Poor
858,841.06,565.4,999.71,759.56,589.97,2075.88,34238.88,4,Very Poor
859,697.41,285.51,713.4,981.98,404.7,3324.41,101817.65,4,Very Poor
860,746.85,387.08,1070.26,976.46,423.83,1833.1,50003.31,4,Very Poor
861,564.82,185.35,632.62,763.74,276.67,1089.97,44179.29,4,Very Poor
862,839.26,520.84,905.84,802.07,715.42,698.15,18912.87,4,Very Poor
863,1352.19,470.05,861.52,1040.17,745.42,2909.54,77989.5,4,Very Poor
864,918.28,590.02,652.85,598.37,602.84,2535.32,91088.39,4,Very Poor
865,867.74,305.06,756.66,576.04,395.37,1315.24,26271.3,4,Very Poor
866,539.84,279.18,735.87,499.04,370.04,848.17,29230.44,4,Very Poor
867,945.5,404.73,1063.03,997.24,866.31,2156.22,45513.14,4,Very Poor
868,909.58,504.55,1016.38,750.05,584.61,2115.0,59432.74,4,Very Poor
869,1090.52,571.74,1697.37,1705.81,644.12,2780.09,64562.3,4,Very Poor
870,434.87,399.17,798.0,894.81,126.85,1945.92,30684.71,4,Very Poor
871,794.78,476.17,977.25,705.81,379.59,1666.79,40261.55,4,Very Poor
872,298.63,317.36,1200.91,541.68,312.83,2130.37,37449.85,4,Very Poor
873,542.94,366.33,1089.29,710.74,717.5,4004.44,84998.12,4,Very Poor
874,976.54,555.93,861.41,906.15,303.54,2840.38,77762.49,4,Very Poor
875,424.36,327.34,547.49,295.08,687.66,1416.82,27299.89,4,Very Poor
876,481.7,276.51,402.63,618.58,355.61,1631.75,55710.86,4,Very Poor
877,1154.29,453.0,1182.98,1236.48,715.73,1890.05,27743.46,4,Very Poor
878,1205.16,480.5,1018.11,1368.74,618.89,873.09,9219.94,4,Very Poor
879,1014.85,541.29,1043.76,1048.22,514.29,1631.23,48956.84,4,Very Poor
880,648.76,562.25,1317.63,1129.56,302.47,2798.89,73929.88,4,Very Poor
881,1008.01,356.92,765.82,519.78,675.86,3507.64,86840.21,4,Very Poor
882,1076.72,428.94,893.64,508.48,344.55,1402.88,31585.02,4,Very Poor
883,487.49,237.58,696.48,597.08,369.31,1281.23,40426.49,4,Very Poor
884,751.98,427.09,539.76,537.42,466.24,430.24,9534.51,4,Very Poor
885,147.82,238.3,272.71,555.04,521.34,1788.58,59279.14,4,Very Poor
886,717.91,565.28,1370.88,525.79,324.05,2190.29,67748.9,4,Very Poor
887,501.1,214.91,515.79,766.0,754.36,2936.98,62099.25,4,Very Poor
888,883.25,593.05,1074.0,863.48,469.06,3263.53,76693.33,4,Very Poor
889,948.29,450.66,705.49,729.88,737.98,1789.47,39501.37,4,Very Poor
890,534.75,411.31,710.74,304.68,393.04,435.31,24463.53,4,Very Poor
891,496.67,267.14,1067.43,620.51,247.29,1804.25,31897.97,4,Very Poor
892,232.64,110.22,332.46,99.42,393.82,675.01,16749.5,4,Very Poor
893,365.03,121.07,631.11,603.28,162.37,1930.06,55722.81,4,Very Poor
894,671.55,252.68,602.29,291.84,393.43,2720.27,44494.91,4,Very Poor
895,660.36,363.49,674.69,609.82,392.17,1681.87,25712.66,4,Very Poor
896,946.51,554.21,1450.07,1099.41,436.0,1749.48,48244.87,4,Very Poor
897,706.74,143.76,349.88,562.44,329.56,2672.0,60933.83,4,Very Poor
898,703.88,299.82,653.33,608.84,484.71,1583.11,39640.91,4,Very Poor
899,910.54,243.04,487.32,560.97,621.3,2075.98,44206.91,4,Very Poor
900,534.8,422.25,588.19,730.67,475.86,2189.38,32803.29,4,Very Poor
901,351.93,296.83,859.07,621.52,228.39,4052.85,72384.91,4,Very Poor
902,1168.59,525.5,892.39,621.77,248.39,3291.43,87870.69,4,Very Poor
903,372.86,450.53,674.38,897.57,368.94,1856.41,45632.32,4,Very Poor
904,782.69,397.4,1097.15,1253.51,428.48,1033.04,22577.32,4,Very Poor
905,758.67,250.16,223.82,698.86,226.75,1392.45,33019.59,4,Very Poor
906,913.77,520.57,1421.17,1426.34,795.58,4597.32,109267.59,4,Very Poor
907,594.64,161.99,713.73,907.21,531.6,1549.15,41665.19,4,Very Poor
908,1203.49,417.31,1213.66,528.15,456.88,2776.5,53364.56,4,Very Poor
909,660.47,133.56,202.38,652.71,255.24,1009.33,32938.4,4,Very Poor
910,545.0,142.04,289.84,224.12,350.86,1788.82,24211.98,4,Very Poor
911,759.22,482.7,1037.87,649.75,636.84,2651.4,47964.89,4,Very Poor
912,855.1,342.61,1243.97,759.42,452.04,2798.12,68669.5,4,Very Poor
913,402.47,196.2,418.39,712.3,323.92,2480.87,68388.22,4,Very Poor
914,870.44,515.93,1506.04,1088.6,305.07,3753.11,78863.04,4,Very Poor
915,483.51,112.78,398.54,0.0,436.3,2609.15,40569.3,4,Very Poor
916,680.68,487.8,1150.09,719.52,312.95,1684.06,55423.04,4,Very Poor
917,1213.71,468.04,839.49,465.18,378.96,2384.61,84228.4,4,Very Poor
918,152.24,0.0,174.0,31.57,263.78,918.32,20355.88,4,Very Poor
919,1247.95,768.08,744.55,1032.56,547.5,2509.54,54076.9,4,Very Poor
920,393.16,279.27,1011.92,172.54,0.0,1312.31,50369.33,4,Very Poor
921,265.1,199.07,393.27,412.55,520.72,1307.48,39620.62,4,Very Poor
922,240.44,359.32,1242.31,1008.51,483.68,3633.79,44723.04,4,Very Poor
923,708.99,227.56,573.41,1074.03,329.83,1994.72,54043.2,4,Very Poor
924,900.7,278.65,1090.64,1013.62,629.29,2458.0,73933.57,4,Very Poor
925,558.16,215.63,632.74,880.93,556.8,2397.75,64751.65,4,Very Poor
926,1132.51,522.96,1794.1,1319.65,423.67,2985.18,60424.13,4,Very Poor
927,1474.19,552.38,984.66,1113.82,220.79,1320.45,31955.76,4,Very Poor
928,527.03,220.61,706.64,438.64,256.82,2126.5,59957.3,4,Very Poor
929,584.33,459.0,599.27,751.08,310.36,1066.1,3497.8,4,Very Poor
930,790.58,391.2,1152.85,583.4,874.87,1780.29,53584.48,4,Very Poor
931,1176.02,527.54,1692.38,989.41,606.32,1958.07,39455.8,4,Very Poor
932,1218.97,474.59,778.29,1572.92,917.71,2219.76,48541.15,4,Very Poor
933,843.25,620.98,1630.22,1411.49,555.4,939.59,32208.85,4,Very Poor
934,820.41,296.5,634.58,867.16,645.77,3232.39,74688.32,4,Very Poor
935,1060.86,445.2,941.89,557.06,393.4,1485.15,36610.16,4,Very Poor
936,1015.33,629.19,946.36,1252.61,550.38,3070.9,59215.51,4,Very Poor
937,636.1,304.68,381.07,409.46,333.07,2012.78,67302.79,4,Very Poor
938,967.83,406.29,931.04,1077.99,639.87,1894.4,41023.82,4,Very Poor
939,661.27,259.61,801.43,866.23,420.68,2213.19,38895.55,4,Very Poor
940,817.47,352.33,1147.09,913.6,241.27,1834.28,52662.83,4,Very Poor
941,0.0,477.95,1050.87,456.2,398.7,1980.44,97491.75,4,Very Poor
942,1071.56,517.19,1225.68,900.21,560.87,2196.35,59283.19,4,Very Poor
943,860.73,534.27,849.64,1219.07,577.79,3055.1,53423.19,4,Very Poor
944,1117.95,483.31,864.63,473.49,346.03,1215.74,26215.38,4,Very Poor
945,1156.0,508.5,1451.31,1168.86,420.39,1611.04,34094.15,4,Very Poor
946,555.98,307.43,952.22,318.31,190.0,1444.5,34175.36,4,Very Poor
947,872.66,575.5,1112.63,1010.25,324.29,2923.16,51063.14,4,Very Poor
948,1109.14,619.23,925.78,626.61,551.71,2804.32,60487.66,4,Very Poor
949,532.02,269.24,988.92,644.05,291.23,2221.2,62552.75,4,Very Poor
950,357.46,329.42,1581.61,1068.5,535.4,2392.56,64813.67,4,Very Poor
951,634.02,603.34,1035.07,877.52,400.45,3279.29,65292.12,4,Very Poor
952,939.53,424.47,812.72,905.33,411.9,2401.9,33210.63,4,Very Poor
953,302.51,531.53,796.14,1074.09,198.45,1145.72,39053.79,4,Very Poor
954,575.84,330.88,1242.91,966.19,415.9,2268.94,53921.82,4,Very Poor
955,1055.32,201.78,661.49,816.34,306.42,2984.48,45275.41,4,Very Poor
956,703.58,327.75,903.8,621.38,343.03,3268.44,59703.25,4,Very Poor
957,1200.71,660.68,1790.4,1022.59,406.07,3352.84,70581.34,4,Very Poor
958,1000.94,410.99,811.95,953.76,443.99,2644.11,70317.81,4,Very Poor
959,575.56,376.03,507.83,667.04,428.41,3879.81,96287.92,4,Very Poor
960,407.41,418.36,1070.27,1154.14,401.01,2776.6,68079.94,4,Very Poor
961,430.57,249.27,990.54,704.08,179.97,341.4,23788.32,4,Very Poor
962,600.44,337.62,731.0,171.31,370.27,1128.86,25506.62,4,Very Poor
963,566.33,454.72,1536.9,956.91,615.88,1729.89,42016.63,4,Very Poor
964,222.15,131.22,343.6,346.61,350.05,1827.23,60970.66,4,Very Poor
965,872.21,479.31,799.47,698.37,127.83,2037.42,32001.39,4,Very Poor
966,857.96,551.84,1102.79,1531.39,873.5,2456.88,30388.69,4,Very Poor
967,575.91,461.14,664.54,753.31,487.74,3139.1,51929.58,4,Very Poor
968,1002.88,565.12,1018.81,1060.87,374.39,2901.9,73309.72,4,Very Poor
969,619.92,293.77,891.38,683.5,749.92,692.54,39959.54,4,Very Poor
970,637.31,431.66,787.56,769.65,319.92,2805.06,93404.59,4,Very Poor
971,658.19,390.53,809.2,908.06,439.71,2445.34,55448.24,4,Very Poor
972,722.36,219.16,873.35,1006.4,569.17,2169.01,50757.53,4,Very Poor
973,429.66,238.09,541.83,491.92,366.57,2718.72,32556.04,4,Very Poor
974,677.14,400.13,1074.06,908.07,391.62,3166.69,93189.89,4,Very Poor
975,987.26,300.4,718.5,811.87,454.19,1396.42,61981.47,4,Very Poor
976,417.68,274.32,392.77,710.37,237.29,2764.41,56237.95,4,Very Poor
977,1137.82,458.36,985.46,792.6,443.75,2298.4,90197.18,4,Very Poor
978,1049.17,322.98,465.48,717.18,503.15,2246.68,51221.73,4,Very Poor
979,181.17,45.45,132.59,263.48,245.81,1691.28,59227.81,4,Very Poor
980,902.23,323.63,698.15,577.52,503.54,3370.65,76509.84,4,Very Poor
981,859.22,634.87,875.91,763.44,511.73,2621.48,55758.97,4,Very Poor
982,662.49,338.73,791.8,829.33,590.68,2353.07,47684.93,4,Very Poor
983,335.76,259.96,709.27,828.49,359.91,2139.74,59423.02,4,Very Poor
984,460.97,356.55,520.06,524.79,172.4,1379.31,35722.04,4,Very Poor
985,1013.16,361.43,886.51,688.39,502.64,2061.14,56656.54,4,Very Poor
986,467.06,353.26,1105.94,491.16,260.2,1690.94,56739.71,4,Very Poor
987,718.84,334.32,1163.42,1270.68,374.62,3960.01,63637.64,4,Very Poor
988,1382.49,605.46,1555.56,1653.63,473.9,1931.84,54352.37,4,Very Poor
989,904.89,273.65,614.09,509.74,694.74,1578.66,28853.07,4,Very Poor
990,366.48,301.58,981.66,639.4,806.7,3511.25,48174.11,4,Very Poor
991,713.95,289.99,767.45,909.55,486.58,2546.23,29415.24,4,Very Poor
992,578.54,418.96,789.42,850.04,379.64,1500.65,66459.42,4,Very Poor
993,718.88,306.99,1275.2,795.37,195.8,1286.5,67431.64,4,Very Poor
994,577.52,356.08,1352.23,966.95,195.96,2125.9,30975.45,4,Very Poor
995,1216.9,584.79,1228.1,930.72,703.67,2221.97,37493.01,4,Very Poor
996,820.61,546.23,1082.0,905.85,279.23,2002.17,38752.03,4,Very Poor
997,790.93,358.43,965.72,1021.4,521.11,2452.73,45472.2,4,Very Poor
998,754.63,719.29,1265.25,1055.75,492.09,1660.34,43452.32,4,Very Poor
999,870.68,405.2,549.69,916.2,543.96,1954.91,44182.33,4,Very Poor
1000,590.73,428.73,1202.59,688.46,304.37,1011.31,37191.77,4,Very Poor
